board	channel_index	frequency	attenuation
100	0	4.823160000e+09	45
100	1	4.825520000e+09	45
100	2	4.826980000e+09	45
100	3	4.827900000e+09	45
100	4	4.829380000e+09	45
100	5	4.832080000e+09	45
100	6	4.834440918e+09	44
100	7	4.835356445e+09	28
100	8	4.838019104e+09	40
100	9	4.839216919e+09	37
